ST_NM,Year,HDI
Andaman & Nicobar Island,2000,0.694
Andaman & Nicobar Island,2001,0.695
Andaman & Nicobar Island,2002,0.698
Andaman & Nicobar Island,2003,0.709
Andaman & Nicobar Island,2004,0.714
Andaman & Nicobar Island,2005,0.72
Andaman & Nicobar Island,2006,0.726
Andaman & Nicobar Island,2007,0.722
Andaman & Nicobar Island,2008,0.716
Andaman & Nicobar Island,2009,0.709
Andaman & Nicobar Island,2010,0.707
Andaman & Nicobar Island,2011,0.703
Andaman & Nicobar Island,2012,0.701
Andaman & Nicobar Island,2013,0.706
Andaman & Nicobar Island,2014,0.714
Andaman & Nicobar Island,2015,0.721
Andaman & Nicobar Island,2016,0.729
Andaman & Nicobar Island,2017,0.735
Andaman & Nicobar Island,2018,0.739
Andhra Pradesh,2000,0.478
Andhra Pradesh,2001,0.484
Andhra Pradesh,2002,0.493
Andhra Pradesh,2003,0.508
Andhra Pradesh,2004,0.519
Andhra Pradesh,2005,0.53
Andhra Pradesh,2006,0.542
Andhra Pradesh,2007,0.553
Andhra Pradesh,2008,0.562
Andhra Pradesh,2009,0.568
Andhra Pradesh,2010,0.58
Andhra Pradesh,2011,0.59
Andhra Pradesh,2012,0.6
Andhra Pradesh,2013,0.608
Andhra Pradesh,2014,0.62
Andhra Pradesh,2015,0.629
Andhra Pradesh,2016,0.64
Andhra Pradesh,2017,0.646
Andhra Pradesh,2018,0.65
Arunanchal Pradesh,2000,0.502
Arunanchal Pradesh,2001,0.506
Arunanchal Pradesh,2002,0.51
Arunanchal Pradesh,2003,0.521
Arunanchal Pradesh,2004,0.528
Arunanchal Pradesh,2005,0.535
Arunanchal Pradesh,2006,0.543
Arunanchal Pradesh,2007,0.57
Arunanchal Pradesh,2008,0.594
Arunanchal Pradesh,2009,0.616
Arunanchal Pradesh,2010,0.641
Arunanchal Pradesh,2011,0.665
Arunanchal Pradesh,2012,0.689
Arunanchal Pradesh,2013,0.679
Arunanchal Pradesh,2014,0.672
Arunanchal Pradesh,2015,0.661
Arunanchal Pradesh,2016,0.651
Arunanchal Pradesh,2017,0.657
Arunanchal Pradesh,2018,0.66
Assam,2000,0.488
Assam,2001,0.493
Assam,2002,0.5
Assam,2003,0.513
Assam,2004,0.522
Assam,2005,0.531
Assam,2006,0.542
Assam,2007,0.549
Assam,2008,0.554
Assam,2009,0.558
Assam,2010,0.567
Assam,2011,0.574
Assam,2012,0.582
Assam,2013,0.586
Assam,2014,0.593
Assam,2015,0.598
Assam,2016,0.605
Assam,2017,0.61
Assam,2018,0.614
Bihar,2000,0.436
Bihar,2001,0.44
Bihar,2002,0.444
Bihar,2003,0.455
Bihar,2004,0.463
Bihar,2005,0.47
Bihar,2006,0.478
Bihar,2007,0.488
Bihar,2008,0.497
Bihar,2009,0.504
Bihar,2010,0.514
Bihar,2011,0.524
Bihar,2012,0.533
Bihar,2013,0.539
Bihar,2014,0.55
Bihar,2015,0.557
Bihar,2016,0.567
Bihar,2017,0.572
Bihar,2018,0.576
Chandigarh,2000,0.638
Chandigarh,2001,0.638
Chandigarh,2002,0.641
Chandigarh,2003,0.652
Chandigarh,2004,0.657
Chandigarh,2005,0.663
Chandigarh,2006,0.669
Chandigarh,2007,0.665
Chandigarh,2008,0.658
Chandigarh,2009,0.651
Chandigarh,2010,0.648
Chandigarh,2011,0.645
Chandigarh,2012,0.643
Chandigarh,2013,0.672
Chandigarh,2014,0.704
Chandigarh,2015,0.734
Chandigarh,2016,0.764
Chandigarh,2017,0.77
Chandigarh,2018,0.775
Chhattisgarh,2000,0.564
Chhattisgarh,2001,0.564
Chhattisgarh,2002,0.567
Chhattisgarh,2003,0.577
Chhattisgarh,2004,0.582
Chhattisgarh,2005,0.588
Chhattisgarh,2006,0.594
Chhattisgarh,2007,0.589
Chhattisgarh,2008,0.583
Chhattisgarh,2009,0.576
Chhattisgarh,2010,0.574
Chhattisgarh,2011,0.571
Chhattisgarh,2012,0.569
Chhattisgarh,2013,0.576
Chhattisgarh,2014,0.586
Chhattisgarh,2015,0.594
Chhattisgarh,2016,0.604
Chhattisgarh,2017,0.609
Chhattisgarh,2018,0.613
Dadara & Nagar Havelli,2000,0.684
Dadara & Nagar Havelli,2001,0.684
Dadara & Nagar Havelli,2002,0.686
Dadara & Nagar Havelli,2003,0.698
Dadara & Nagar Havelli,2004,0.703
Dadara & Nagar Havelli,2005,0.709
Dadara & Nagar Havelli,2006,0.716
Dadara & Nagar Havelli,2007,0.711
Dadara & Nagar Havelli,2008,0.705
Dadara & Nagar Havelli,2009,0.698
Dadara & Nagar Havelli,2010,0.696
Dadara & Nagar Havelli,2011,0.692
Dadara & Nagar Havelli,2012,0.69
Dadara & Nagar Havelli,2013,0.68
Dadara & Nagar Havelli,2014,0.673
Dadara & Nagar Havelli,2015,0.663
Dadara & Nagar Havelli,2016,0.653
Dadara & Nagar Havelli,2017,0.659
Dadara & Nagar Havelli,2018,0.663
Daman & Diu,2000,0.664
Daman & Diu,2001,0.665
Daman & Diu,2002,0.668
Daman & Diu,2003,0.678
Daman & Diu,2004,0.683
Daman & Diu,2005,0.688
Daman & Diu,2006,0.695
Daman & Diu,2007,0.691
Daman & Diu,2008,0.685
Daman & Diu,2009,0.679
Daman & Diu,2010,0.677
Daman & Diu,2011,0.673
Daman & Diu,2012,0.672
Daman & Diu,2013,0.676
Daman & Diu,2014,0.684
Daman & Diu,2015,0.69
Daman & Diu,2016,0.697
Daman & Diu,2017,0.704
Daman & Diu,2018,0.708
Goa,2000,0.614
Goa,2001,0.621
Goa,2002,0.63
Goa,2003,0.647
Goa,2004,0.659
Goa,2005,0.671
Goa,2006,0.685
Goa,2007,0.699
Goa,2008,0.711
Goa,2009,0.721
Goa,2010,0.737
Goa,2011,0.749
Goa,2012,0.764
Goa,2013,0.759
Goa,2014,0.758
Goa,2015,0.754
Goa,2016,0.75
Goa,2017,0.756
Goa,2018,0.761
Gujarat,2000,0.527
Gujarat,2001,0.533
Gujarat,2002,0.54
Gujarat,2003,0.554
Gujarat,2004,0.564
Gujarat,2005,0.573
Gujarat,2006,0.584
Gujarat,2007,0.591
Gujarat,2008,0.595
Gujarat,2009,0.598
Gujarat,2010,0.606
Gujarat,2011,0.612
Gujarat,2012,0.619
Gujarat,2013,0.628
Gujarat,2014,0.641
Gujarat,2015,0.651
Gujarat,2016,0.663
Gujarat,2017,0.668
Gujarat,2018,0.672
Haryana,2000,0.549
Haryana,2001,0.554
Haryana,2002,0.559
Haryana,2003,0.573
Haryana,2004,0.582
Haryana,2005,0.591
Haryana,2006,0.6
Haryana,2007,0.61
Haryana,2008,0.618
Haryana,2009,0.623
Haryana,2010,0.634
Haryana,2011,0.643
Haryana,2012,0.653
Haryana,2013,0.662
Haryana,2014,0.675
Haryana,2015,0.686
Haryana,2016,0.698
Haryana,2017,0.704
Haryana,2018,0.708
Himachal Pradesh,2000,0.589
Himachal Pradesh,2001,0.596
Himachal Pradesh,2002,0.604
Himachal Pradesh,2003,0.62
Himachal Pradesh,2004,0.632
Himachal Pradesh,2005,0.644
Himachal Pradesh,2006,0.656
Himachal Pradesh,2007,0.66
Himachal Pradesh,2008,0.662
Himachal Pradesh,2009,0.661
Himachal Pradesh,2010,0.667
Himachal Pradesh,2011,0.671
Himachal Pradesh,2012,0.675
Himachal Pradesh,2013,0.683
Himachal Pradesh,2014,0.695
Himachal Pradesh,2015,0.704
Himachal Pradesh,2016,0.714
Himachal Pradesh,2017,0.721
Himachal Pradesh,2018,0.725
Jammu & Kashmir,2000,0.528
Jammu & Kashmir,2001,0.536
Jammu & Kashmir,2002,0.546
Jammu & Kashmir,2003,0.562
Jammu & Kashmir,2004,0.575
Jammu & Kashmir,2005,0.587
Jammu & Kashmir,2006,0.599
Jammu & Kashmir,2007,0.611
Jammu & Kashmir,2008,0.621
Jammu & Kashmir,2009,0.628
Jammu & Kashmir,2010,0.64
Jammu & Kashmir,2011,0.652
Jammu & Kashmir,2012,0.663
Jammu & Kashmir,2013,0.665
Jammu & Kashmir,2014,0.671
Jammu & Kashmir,2015,0.674
Jammu & Kashmir,2016,0.678
Jammu & Kashmir,2017,0.684
Jammu & Kashmir,2018,0.688
Jharkhand,2000,0.564
Jharkhand,2001,0.564
Jharkhand,2002,0.567
Jharkhand,2003,0.577
Jharkhand,2004,0.583
Jharkhand,2005,0.588
Jharkhand,2006,0.594
Jharkhand,2007,0.589
Jharkhand,2008,0.583
Jharkhand,2009,0.576
Jharkhand,2010,0.574
Jharkhand,2011,0.572
Jharkhand,2012,0.569
Jharkhand,2013,0.572
Jharkhand,2014,0.579
Jharkhand,2015,0.584
Jharkhand,2016,0.59
Jharkhand,2017,0.595
Jharkhand,2018,0.599
Karnataka,2000,0.518
Karnataka,2001,0.524
Karnataka,2002,0.531
Karnataka,2003,0.545
Karnataka,2004,0.555
Karnataka,2005,0.565
Karnataka,2006,0.576
Karnataka,2007,0.585
Karnataka,2008,0.591
Karnataka,2009,0.595
Karnataka,2010,0.605
Karnataka,2011,0.613
Karnataka,2012,0.622
Karnataka,2013,0.632
Karnataka,2014,0.647
Karnataka,2015,0.659
Karnataka,2016,0.673
Karnataka,2017,0.678
Karnataka,2018,0.682
Kerala,2000,0.598
Kerala,2001,0.61
Kerala,2002,0.623
Kerala,2003,0.645
Kerala,2004,0.661
Kerala,2005,0.678
Kerala,2006,0.695
Kerala,2007,0.701
Kerala,2008,0.705
Kerala,2009,0.707
Kerala,2010,0.714
Kerala,2011,0.719
Kerala,2012,0.726
Kerala,2013,0.735
Kerala,2014,0.747
Kerala,2015,0.757
Kerala,2016,0.768
Kerala,2017,0.774
Kerala,2018,0.779
Lakshadweep,2000,0.705
Lakshadweep,2001,0.706
Lakshadweep,2002,0.708
Lakshadweep,2003,0.719
Lakshadweep,2004,0.725
Lakshadweep,2005,0.731
Lakshadweep,2006,0.737
Lakshadweep,2007,0.732
Lakshadweep,2008,0.727
Lakshadweep,2009,0.719
Lakshadweep,2010,0.717
Lakshadweep,2011,0.714
Lakshadweep,2012,0.712
Lakshadweep,2013,0.716
Lakshadweep,2014,0.725
Lakshadweep,2015,0.732
Lakshadweep,2016,0.74
Lakshadweep,2017,0.746
Lakshadweep,2018,0.75
Madhya Pradesh,2000,0.46
Madhya Pradesh,2001,0.465
Madhya Pradesh,2002,0.47
Madhya Pradesh,2003,0.483
Madhya Pradesh,2004,0.492
Madhya Pradesh,2005,0.501
Madhya Pradesh,2006,0.51
Madhya Pradesh,2007,0.519
Madhya Pradesh,2008,0.524
Madhya Pradesh,2009,0.529
Madhya Pradesh,2010,0.538
Madhya Pradesh,2011,0.546
Madhya Pradesh,2012,0.553
Madhya Pradesh,2013,0.562
Madhya Pradesh,2014,0.574
Madhya Pradesh,2015,0.585
Madhya Pradesh,2016,0.596
Madhya Pradesh,2017,0.602
Madhya Pradesh,2018,0.606
Maharashtra,2000,0.558
Maharashtra,2001,0.563
Maharashtra,2002,0.569
Maharashtra,2003,0.584
Maharashtra,2004,0.593
Maharashtra,2005,0.602
Maharashtra,2006,0.613
Maharashtra,2007,0.622
Maharashtra,2008,0.629
Maharashtra,2009,0.634
Maharashtra,2010,0.644
Maharashtra,2011,0.652
Maharashtra,2012,0.661
Maharashtra,2013,0.666
Maharashtra,2014,0.674
Maharashtra,2015,0.68
Maharashtra,2016,0.687
Maharashtra,2017,0.692
Maharashtra,2018,0.696
Manipur,2000,0.559
Manipur,2001,0.563
Manipur,2002,0.568
Manipur,2003,0.581
Manipur,2004,0.589
Manipur,2005,0.598
Manipur,2006,0.607
Manipur,2007,0.627
Manipur,2008,0.644
Manipur,2009,0.661
Manipur,2010,0.681
Manipur,2011,0.699
Manipur,2012,0.719
Manipur,2013,0.71
Manipur,2014,0.703
Manipur,2015,0.694
Manipur,2016,0.686
Manipur,2017,0.692
Manipur,2018,0.696
Meghalaya,2000,0.477
Meghalaya,2001,0.485
Meghalaya,2002,0.494
Meghalaya,2003,0.51
Meghalaya,2004,0.521
Meghalaya,2005,0.533
Meghalaya,2006,0.544
Meghalaya,2007,0.565
Meghalaya,2008,0.583
Meghalaya,2009,0.6
Meghalaya,2010,0.62
Meghalaya,2011,0.638
Meghalaya,2012,0.657
Meghalaya,2013,0.653
Meghalaya,2014,0.652
Meghalaya,2015,0.648
Meghalaya,2016,0.646
Meghalaya,2017,0.652
Meghalaya,2018,0.656
Mizoram,2000,0.569
Mizoram,2001,0.578
Mizoram,2002,0.588
Mizoram,2003,0.604
Mizoram,2004,0.617
Mizoram,2005,0.63
Mizoram,2006,0.644
Mizoram,2007,0.655
Mizoram,2008,0.665
Mizoram,2009,0.674
Mizoram,2010,0.686
Mizoram,2011,0.696
Mizoram,2012,0.709
Mizoram,2013,0.704
Mizoram,2014,0.702
Mizoram,2015,0.698
Mizoram,2016,0.695
Mizoram,2017,0.701
Mizoram,2018,0.705
Nagaland,2000,0.522
Nagaland,2001,0.526
Nagaland,2002,0.531
Nagaland,2003,0.543
Nagaland,2004,0.55
Nagaland,2005,0.557
Nagaland,2006,0.565
Nagaland,2007,0.59
Nagaland,2008,0.614
Nagaland,2009,0.636
Nagaland,2010,0.661
Nagaland,2011,0.683
Nagaland,2012,0.709
Nagaland,2013,0.698
Nagaland,2014,0.689
Nagaland,2015,0.679
Nagaland,2016,0.669
Nagaland,2017,0.675
Nagaland,2018,0.679
NCT of Delhi,2000,0.664
NCT of Delhi,2001,0.666
NCT of Delhi,2002,0.668
NCT of Delhi,2003,0.679
NCT of Delhi,2004,0.685
NCT of Delhi,2005,0.69
NCT of Delhi,2006,0.697
NCT of Delhi,2007,0.702
NCT of Delhi,2008,0.704
NCT of Delhi,2009,0.704
NCT of Delhi,2010,0.709
NCT of Delhi,2011,0.711
NCT of Delhi,2012,0.716
NCT of Delhi,2013,0.719
NCT of Delhi,2014,0.726
NCT of Delhi,2015,0.73
NCT of Delhi,2016,0.735
NCT of Delhi,2017,0.741
NCT of Delhi,2018,0.746
Odisha,2000,0.458
Odisha,2001,0.462
Odisha,2002,0.467
Odisha,2003,0.479
Odisha,2004,0.487
Odisha,2005,0.494
Odisha,2006,0.503
Odisha,2007,0.512
Odisha,2008,0.519
Odisha,2009,0.525
Odisha,2010,0.535
Odisha,2011,0.545
Odisha,2012,0.554
Odisha,2013,0.563
Odisha,2014,0.575
Odisha,2015,0.585
Odisha,2016,0.597
Odisha,2017,0.602
Odisha,2018,0.606
Puducherry,2000,0.73
Puducherry,2001,0.731
Puducherry,2002,0.734
Puducherry,2003,0.745
Puducherry,2004,0.751
Puducherry,2005,0.757
Puducherry,2006,0.764
Puducherry,2007,0.759
Puducherry,2008,0.753
Puducherry,2009,0.745
Puducherry,2010,0.743
Puducherry,2011,0.739
Puducherry,2012,0.737
Puducherry,2013,0.733
Puducherry,2014,0.733
Puducherry,2015,0.73
Puducherry,2016,0.728
Puducherry,2017,0.734
Puducherry,2018,0.738
Punjab,2000,0.578
Punjab,2001,0.581
Punjab,2002,0.587
Punjab,2003,0.599
Punjab,2004,0.607
Punjab,2005,0.615
Punjab,2006,0.623
Punjab,2007,0.633
Punjab,2008,0.64
Punjab,2009,0.646
Punjab,2010,0.657
Punjab,2011,0.665
Punjab,2012,0.675
Punjab,2013,0.683
Punjab,2014,0.694
Punjab,2015,0.703
Punjab,2016,0.713
Punjab,2017,0.719
Punjab,2018,0.723
Rajasthan,2000,0.469
Rajasthan,2001,0.474
Rajasthan,2002,0.479
Rajasthan,2003,0.492
Rajasthan,2004,0.501
Rajasthan,2005,0.51
Rajasthan,2006,0.519
Rajasthan,2007,0.527
Rajasthan,2008,0.534
Rajasthan,2009,0.539
Rajasthan,2010,0.548
Rajasthan,2011,0.556
Rajasthan,2012,0.565
Rajasthan,2013,0.576
Rajasthan,2014,0.592
Rajasthan,2015,0.605
Rajasthan,2016,0.62
Rajasthan,2017,0.625
Rajasthan,2018,0.629
Sikkim,2000,0.548
Sikkim,2001,0.553
Sikkim,2002,0.559
Sikkim,2003,0.573
Sikkim,2004,0.582
Sikkim,2005,0.59
Sikkim,2006,0.599
Sikkim,2007,0.609
Sikkim,2008,0.617
Sikkim,2009,0.623
Sikkim,2010,0.633
Sikkim,2011,0.641
Sikkim,2012,0.65
Sikkim,2013,0.662
Sikkim,2014,0.678
Sikkim,2015,0.691
Sikkim,2016,0.706
Sikkim,2017,0.711
Sikkim,2018,0.716
Tamil Nadu,2000,0.542
Tamil Nadu,2001,0.549
Tamil Nadu,2002,0.558
Tamil Nadu,2003,0.575
Tamil Nadu,2004,0.587
Tamil Nadu,2005,0.599
Tamil Nadu,2006,0.612
Tamil Nadu,2007,0.621
Tamil Nadu,2008,0.629
Tamil Nadu,2009,0.635
Tamil Nadu,2010,0.646
Tamil Nadu,2011,0.656
Tamil Nadu,2012,0.666
Tamil Nadu,2013,0.672
Tamil Nadu,2014,0.682
Tamil Nadu,2015,0.689
Tamil Nadu,2016,0.698
Tamil Nadu,2017,0.704
Tamil Nadu,2018,0.708
Telangana,2000,0.627
Telangana,2001,0.628
Telangana,2002,0.63
Telangana,2003,0.641
Telangana,2004,0.647
Telangana,2005,0.652
Telangana,2006,0.658
Telangana,2007,0.654
Telangana,2008,0.648
Telangana,2009,0.64
Telangana,2010,0.638
Telangana,2011,0.635
Telangana,2012,0.633
Telangana,2013,0.637
Telangana,2014,0.646
Telangana,2015,0.651
Telangana,2016,0.659
Telangana,2017,0.665
Telangana,2018,0.669
Tripura,2000,0.531
Tripura,2001,0.533
Tripura,2002,0.537
Tripura,2003,0.548
Tripura,2004,0.554
Tripura,2005,0.561
Tripura,2006,0.568
Tripura,2007,0.579
Tripura,2008,0.589
Tripura,2009,0.596
Tripura,2010,0.608
Tripura,2011,0.619
Tripura,2012,0.63
Tripura,2013,0.633
Tripura,2014,0.639
Tripura,2015,0.643
Tripura,2016,0.648
Tripura,2017,0.653
Tripura,2018,0.658
Uttar Pradesh,2000,0.463
Uttar Pradesh,2001,0.468
Uttar Pradesh,2002,0.474
Uttar Pradesh,2003,0.487
Uttar Pradesh,2004,0.496
Uttar Pradesh,2005,0.504
Uttar Pradesh,2006,0.513
Uttar Pradesh,2007,0.52
Uttar Pradesh,2008,0.525
Uttar Pradesh,2009,0.528
Uttar Pradesh,2010,0.535
Uttar Pradesh,2011,0.542
Uttar Pradesh,2012,0.548
Uttar Pradesh,2013,0.556
Uttar Pradesh,2014,0.568
Uttar Pradesh,2015,0.577
Uttar Pradesh,2016,0.587
Uttar Pradesh,2017,0.593
Uttar Pradesh,2018,0.596
Uttarakhand,2000,0.63
Uttarakhand,2001,0.631
Uttarakhand,2002,0.633
Uttarakhand,2003,0.644
Uttarakhand,2004,0.65
Uttarakhand,2005,0.656
Uttarakhand,2006,0.663
Uttarakhand,2007,0.658
Uttarakhand,2008,0.651
Uttarakhand,2009,0.643
Uttarakhand,2010,0.641
Uttarakhand,2011,0.638
Uttarakhand,2012,0.635
Uttarakhand,2013,0.643
Uttarakhand,2014,0.655
Uttarakhand,2015,0.664
Uttarakhand,2016,0.674
Uttarakhand,2017,0.68
Uttarakhand,2018,0.684
West Bengal,2000,0.505
West Bengal,2001,0.508
West Bengal,2002,0.513
West Bengal,2003,0.524
West Bengal,2004,0.531
West Bengal,2005,0.539
West Bengal,2006,0.546
West Bengal,2007,0.554
West Bengal,2008,0.559
West Bengal,2009,0.564
West Bengal,2010,0.572
West Bengal,2011,0.579
West Bengal,2012,0.587
West Bengal,2013,0.596
West Bengal,2014,0.609
West Bengal,2015,0.619
West Bengal,2016,0.631
West Bengal,2017,0.636
West Bengal,2018,0.641
